"Supplementary unemployment rates, monthly, unadjusted for seasonality c 1 2",,,,,,,,,,,,,,,,,,,,,,,,,,,,,,,,,,,,,,,,,,,,,,,,,,,,,,,,,,,,,,,,,,,,,,,,,,,,,,,,,,,,,,,,,,,,,,,,,,,,,,,,,,,,,,,,,,,,,,,,,,,,,,,,,,,,,,,,,,,,,,,,,,,,,,,,,,,,,,,,,,,,,,,,,,,,,,,,,,,,,,,,,,,,,,,,,,,,,,,,,,,,,,,,,,,,,,,,,,,,,,,,,,,,,,,,,,,,,,,,,,,,,,,,,,,,,,,,,,,,,,,,,,,,,,,,,,,,,,,,,,,,,,,,,,,,,,,,,,,,,,,,,,,,,,,,,,,,,,,,,,,,,,,,,,,,,,,,,,,,,,,,,,,,,,,,,,,,,,,,,,,,,,,,,,,,,,,,,,,,,,,,,,,,,,,,,,,,,,,,,,,,,,,,,,,,,,,,,,,,,,,,,,,,,,,,,,,,,,,,,,,,,,,,,,,,,,,,,,,,,,,,,,,,,,,,,,,,,,,,,,,,,,,,,,,,,,,,,,,,,,,,,,,,,,,,,,,,,,,,,,,,,,,,,,,,
Monthly,,,,,,,,,,,,,,,,,,,,,,,,,,,,,,,,,,,,,,,,,,,,,,,,,,,,,,,,,,,,,,,,,,,,,,,,,,,,,,,,,,,,,,,,,,,,,,,,,,,,,,,,,,,,,,,,,,,,,,,,,,,,,,,,,,,,,,,,,,,,,,,,,,,,,,,,,,,,,,,,,,,,,,,,,,,,,,,,,,,,,,,,,,,,,,,,,,,,,,,,,,,,,,,,,,,,,,,,,,,,,,,,,,,,,,,,,,,,,,,,,,,,,,,,,,,,,,,,,,,,,,,,,,,,,,,,,,,,,,,,,,,,,,,,,,,,,,,,,,,,,,,,,,,,,,,,,,,,,,,,,,,,,,,,,,,,,,,,,,,,,,,,,,,,,,,,,,,,,,,,,,,,,,,,,,,,,,,,,,,,,,,,,,,,,,,,,,,,,,,,,,,,,,,,,,,,,,,,,,,,,,,,,,,,,,,,,,,,,,,,,,,,,,,,,,,,,,,,,,,,,,,,,,,,,,,,,,,,,,,,,,,,,,,,,,,,,,,,,,,,,,,,,,,,,,,,,,,,,,,,,,,,,,,,,,,,
Table: 14-10-0077-01 (formerly CANSIM 282-0085),,,,,,,,,,,,,,,,,,,,,,,,,,,,,,,,,,,,,,,,,,,,,,,,,,,,,,,,,,,,,,,,,,,,,,,,,,,,,,,,,,,,,,,,,,,,,,,,,,,,,,,,,,,,,,,,,,,,,,,,,,,,,,,,,,,,,,,,,,,,,,,,,,,,,,,,,,,,,,,,,,,,,,,,,,,,,,,,,,,,,,,,,,,,,,,,,,,,,,,,,,,,,,,,,,,,,,,,,,,,,,,,,,,,,,,,,,,,,,,,,,,,,,,,,,,,,,,,,,,,,,,,,,,,,,,,,,,,,,,,,,,,,,,,,,,,,,,,,,,,,,,,,,,,,,,,,,,,,,,,,,,,,,,,,,,,,,,,,,,,,,,,,,,,,,,,,,,,,,,,,,,,,,,,,,,,,,,,,,,,,,,,,,,,,,,,,,,,,,,,,,,,,,,,,,,,,,,,,,,,,,,,,,,,,,,,,,,,,,,,,,,,,,,,,,,,,,,,,,,,,,,,,,,,,,,,,,,,,,,,,,,,,,,,,,,,,,,,,,,,,,,,,,,,,,,,,,,,,,,,,,,,,,,,,,,,
"Geography: Canada, Province or territory",,,,,,,,,,,,,,,,,,,,,,,,,,,,,,,,,,,,,,,,,,,,,,,,,,,,,,,,,,,,,,,,,,,,,,,,,,,,,,,,,,,,,,,,,,,,,,,,,,,,,,,,,,,,,,,,,,,,,,,,,,,,,,,,,,,,,,,,,,,,,,,,,,,,,,,,,,,,,,,,,,,,,,,,,,,,,,,,,,,,,,,,,,,,,,,,,,,,,,,,,,,,,,,,,,,,,,,,,,,,,,,,,,,,,,,,,,,,,,,,,,,,,,,,,,,,,,,,,,,,,,,,,,,,,,,,,,,,,,,,,,,,,,,,,,,,,,,,,,,,,,,,,,,,,,,,,,,,,,,,,,,,,,,,,,,,,,,,,,,,,,,,,,,,,,,,,,,,,,,,,,,,,,,,,,,,,,,,,,,,,,,,,,,,,,,,,,,,,,,,,,,,,,,,,,,,,,,,,,,,,,,,,,,,,,,,,,,,,,,,,,,,,,,,,,,,,,,,,,,,,,,,,,,,,,,,,,,,,,,,,,,,,,,,,,,,,,,,,,,,,,,,,,,,,,,,,,,,,,,,,,,,,,,,,,,,
,,,,,,,,,,,,,,,,,,,,,,,,,,,,,,,,,,,,,,,,,,,,,,,,,,,,,,,,,,,,,,,,,,,,,,,,,,,,,,,,,,,,,,,,,,,,,,,,,,,,,,,,,,,,,,,,,,,,,,,,,,,,,,,,,,,,,,,,,,,,,,,,,,,,,,,,,,,,,,,,,,,,,,,,,,,,,,,,,,,,,,,,,,,,,,,,,,,,,,,,,,,,,,,,,,,,,,,,,,,,,,,,,,,,,,,,,,,,,,,,,,,,,,,,,,,,,,,,,,,,,,,,,,,,,,,,,,,,,,,,,,,,,,,,,,,,,,,,,,,,,,,,,,,,,,,,,,,,,,,,,,,,,,,,,,,,,,,,,,,,,,,,,,,,,,,,,,,,,,,,,,,,,,,,,,,,,,,,,,,,,,,,,,,,,,,,,,,,,,,,,,,,,,,,,,,,,,,,,,,,,,,,,,,,,,,,,,,,,,,,,,,,,,,,,,,,,,,,,,,,,,,,,,,,,,,,,,,,,,,,,,,,,,,,,,,,,,,,,,,,,,,,,,,,,,,,,,,,,,,,,,,,,,,,,,,,
,Canada,,,,,,,,,,,,,,,,,,,,,,,,,,,,,,,,,,,,,,,,,,,,,,,,,,,,,,,,,,,,,,,,,,,,,,,,,,,,,,,,,,,,,,,,,,,,,,,,,,,,,,,,,,,,,,,,,,,,,,,,,,,,,,,,,,,,,,,,,,,,,,,,,,,,,,,,,,,,,,,,,,,,,,,,,,,,,,,,,,,,,,,,,,,,,,,,,,,,,,,,,,,,,,,,,,,,,,,,,,,,,,,,,,,,,,,,,,,,,,,,,,,,,,,,,,,,,,,,,,,,,,,,,,,,,,,,,,,,,,,,,,,,,,,,,,,,,,,,,,,,,,,,,,,,,,,,,,,,,,,,,,,,,,,,,,,,,,,,,,,,,,,,,,,,,,,,,,,,,,,,,,,,,,,,,,,,,,,,,,,,,,,,,,,,,,,,,,,,,,,,,,,,,,,,,,,,,,,,,,,,,,,,,,,,,,,,,,,,,,,,,,,,,,,,,,,,,,,,,,,,,,,,,,,,,,,,,,,,,,,,,,,,,,,,,,,,,,,,,,,,,,,,,,,,,,,,,,,,,,,,,,,,,,,,,,,
,Both sexes,,,,,,,,,,,,,,,,,,,,,,,,,,,,,,,,,,,,,,,,,,,,,,,,,,,,,,,,,,,,,,,,,,,,,,,,,,,,,,,,,,,,,,,,,,,,,,,,,,,,,,,,,,,,,,,,,,,,,,,,,,,,,,,,,,,,,,,,,,,,,,,,,,,,,,,,,,,,,,,,,,,,,,,,,,,,,,,,,,,,,,,,,,,,,,,,,,,,,,,,,,,,,,,,,,,,,,,,,,,,,,,,,,,,,,,,,,,,,,,,,,,,,,,,,,,,,,,,,,,,,,,,,,,,,,,,,,,,,,,,,,,,,,,,,,,,,,,,,,,,,,,,,,,,,,,,,,,,,,,,,,,,,,,,,,,,,,,,,,,,,,,,,,,,,,,,,,,,,,,,,,,,,,,,,,,,,,,,,,,,,,,,,,,,,,,,,,,,,,,,,,,,,,,,,,,,,,,,,,,,,,,,,,,,,,,,,,,,,,,,,,,,,,,,,,,,,,,,,,,,,,,,,,,,,,,,,,,,,,,,,,,,,,,,,,,,,,,,,,,,,,,,,,,,,,,,,,,,,,,,,,,,,,,,,,,
,15 years and over,,,,,,,,,,,,,,,,,,,,,,,,,,,,,,,,,,,,,,,,,,,,,,,,,,,,,,,,,,,,,,,,,,,,,,,,,,,,,,,,,,,,,,,,,,,,,,,,,,,,,,,,,,,,,,,,,,,,,,,,,,,,,,,,,,,,,,,,,,,,,,,,,,,,,,,,,,,,,,,,,,,,,,,,,,,,,,,,,,,,,,,,,,,,,,,,,,,,,,,,,,,,,,,,,,,,,,,,,,,,,,,,,,,,,,,,,,,,,,,,,,,,,,,,,,,,,,,,,,,,,,,,,,,,,,,,,,,,,,,,,,,,,,,,,,,,,,,,,,,,,,,,,,,,,,,,,,,,,,,,,,,,,,,,,,,,,,,,,,,,,,,,,,,,,,,,,,,,,,,,,,,,,,,,,,,,,,,,,,,,,,,,,,,,,,,,,,,,,,,,,,,,,,,,,,,,,,,,,,,,,,,,,,,,,,,,,,,,,,,,,,,,,,,,,,,,,,,,,,,,,,,,,,,,,,,,,,,,,,,,,,,,,,,,,,,,,,,,,,,,,,,,,,,,,,,,,,,,,,,,,,,,,,,,,,,
Supplementary unemployment rates4,Jan-76,Feb-76,Mar-76,Apr-76,May-76,Jun-76,Jul-76,Aug-76,Sep-76,Oct-76,Nov-76,Dec-76,Jan-77,Feb-77,Mar-77,Apr-77,May-77,Jun-77,Jul-77,Aug-77,Sep-77,Oct-77,Nov-77,Dec-77,Jan-78,Feb-78,Mar-78,Apr-78,May-78,Jun-78,Jul-78,Aug-78,Sep-78,Oct-78,Nov-78,Dec-78,Jan-79,Feb-79,Mar-79,Apr-79,May-79,Jun-79,Jul-79,Aug-79,Sep-79,Oct-79,Nov-79,Dec-79,Jan-80,Feb-80,Mar-80,Apr-80,May-80,Jun-80,Jul-80,Aug-80,Sep-80,Oct-80,Nov-80,Dec-80,Jan-81,Feb-81,Mar-81,Apr-81,May-81,Jun-81,Jul-81,Aug-81,Sep-81,Oct-81,Nov-81,Dec-81,Jan-82,Feb-82,Mar-82,Apr-82,May-82,Jun-82,Jul-82,Aug-82,Sep-82,Oct-82,Nov-82,Dec-82,Jan-83,Feb-83,Mar-83,Apr-83,May-83,Jun-83,Jul-83,Aug-83,Sep-83,Oct-83,Nov-83,Dec-83,Jan-84,Feb-84,Mar-84,Apr-84,May-84,Jun-84,Jul-84,Aug-84,Sep-84,Oct-84,Nov-84,Dec-84,Jan-85,Feb-85,Mar-85,Apr-85,May-85,Jun-85,Jul-85,Aug-85,Sep-85,Oct-85,Nov-85,Dec-85,Jan-86,Feb-86,Mar-86,Apr-86,May-86,Jun-86,Jul-86,Aug-86,Sep-86,Oct-86,Nov-86,Dec-86,Jan-87,Feb-87,Mar-87,Apr-87,May-87,Jun-87,Jul-87,Aug-87,Sep-87,Oct-87,Nov-87,Dec-87,Jan-88,Feb-88,Mar-88,Apr-88,May-88,Jun-88,Jul-88,Aug-88,Sep-88,Oct-88,Nov-88,Dec-88,Jan-89,Feb-89,Mar-89,Apr-89,May-89,Jun-89,Jul-89,Aug-89,Sep-89,Oct-89,Nov-89,Dec-89,Jan-90,Feb-90,Mar-90,Apr-90,May-90,Jun-90,Jul-90,Aug-90,Sep-90,Oct-90,Nov-90,Dec-90,Jan-91,Feb-91,Mar-91,Apr-91,May-91,Jun-91,Jul-91,Aug-91,Sep-91,Oct-91,Nov-91,Dec-91,Jan-92,Feb-92,Mar-92,Apr-92,May-92,Jun-92,Jul-92,Aug-92,Sep-92,Oct-92,Nov-92,Dec-92,Jan-93,Feb-93,Mar-93,Apr-93,May-93,Jun-93,Jul-93,Aug-93,Sep-93,Oct-93,Nov-93,Dec-93,Jan-94,Feb-94,Mar-94,Apr-94,May-94,Jun-94,Jul-94,Aug-94,Sep-94,Oct-94,Nov-94,Dec-94,Jan-95,Feb-95,Mar-95,Apr-95,May-95,Jun-95,Jul-95,Aug-95,Sep-95,Oct-95,Nov-95,Dec-95,Jan-96,Feb-96,Mar-96,Apr-96,May-96,Jun-96,Jul-96,Aug-96,Sep-96,Oct-96,Nov-96,Dec-96,Jan-97,Feb-97,Mar-97,Apr-97,May-97,Jun-97,Jul-97,Aug-97,Sep-97,Oct-97,Nov-97,Dec-97,Jan-98,Feb-98,Mar-98,Apr-98,May-98,Jun-98,Jul-98,Aug-98,Sep-98,Oct-98,Nov-98,Dec-98,Jan-99,Feb-99,Mar-99,Apr-99,May-99,Jun-99,Jul-99,Aug-99,Sep-99,Oct-99,Nov-99,Dec-99,Jan-00,Feb-00,Mar-00,Apr-00,May-00,Jun-00,Jul-00,Aug-00,Sep-00,Oct-00,Nov-00,Dec-00,Jan-01,Feb-01,Mar-01,Apr-01,May-01,Jun-01,Jul-01,Aug-01,Sep-01,Oct-01,Nov-01,Dec-01,Jan-02,Feb-02,Mar-02,Apr-02,May-02,Jun-02,Jul-02,Aug-02,Sep-02,Oct-02,Nov-02,Dec-02,Jan-03,Feb-03,Mar-03,Apr-03,May-03,Jun-03,Jul-03,Aug-03,Sep-03,Oct-03,Nov-03,Dec-03,Jan-04,Feb-04,Mar-04,Apr-04,May-04,Jun-04,Jul-04,Aug-04,Sep-04,Oct-04,Nov-04,Dec-04,Jan-05,Feb-05,Mar-05,Apr-05,May-05,Jun-05,Jul-05,Aug-05,Sep-05,Oct-05,Nov-05,Dec-05,Jan-06,Feb-06,Mar-06,Apr-06,May-06,Jun-06,Jul-06,Aug-06,Sep-06,Oct-06,Nov-06,Dec-06,Jan-07,Feb-07,Mar-07,Apr-07,May-07,Jun-07,Jul-07,Aug-07,Sep-07,Oct-07,Nov-07,Dec-07,Jan-08,Feb-08,Mar-08,Apr-08,May-08,Jun-08,Jul-08,Aug-08,Sep-08,Oct-08,Nov-08,Dec-08,Jan-09,Feb-09,Mar-09,Apr-09,May-09,Jun-09,Jul-09,Aug-09,Sep-09,Oct-09,Nov-09,Dec-09,Jan-10,Feb-10,Mar-10,Apr-10,May-10,Jun-10,Jul-10,Aug-10,Sep-10,Oct-10,Nov-10,Dec-10,Jan-11,Feb-11,Mar-11,Apr-11,May-11,Jun-11,Jul-11,Aug-11,Sep-11,Oct-11,Nov-11,Dec-11,Jan-12,Feb-12,Mar-12,Apr-12,May-12,Jun-12,Jul-12,Aug-12,Sep-12,Oct-12,Nov-12,Dec-12,Jan-13,Feb-13,Mar-13,Apr-13,May-13,Jun-13,Jul-13,Aug-13,Sep-13,Oct-13,Nov-13,Dec-13,Jan-14,Feb-14,Mar-14,Apr-14,May-14,Jun-14,Jul-14,Aug-14,Sep-14,Oct-14,Nov-14,Dec-14,Jan-15,Feb-15,Mar-15,Apr-15,May-15,Jun-15,Jul-15,Aug-15,Sep-15,Oct-15,Nov-15,Dec-15,Jan-16,Feb-16,Mar-16,Apr-16,May-16,Jun-16,Jul-16,Aug-16,Sep-16,Oct-16,Nov-16,Dec-16,Jan-17,Feb-17,Mar-17,Apr-17,May-17,Jun-17,Jul-17,Aug-17,Sep-17,Oct-17,Nov-17,Dec-17,Jan-18,Feb-18,Mar-18,Apr-18,May-18,Jun-18,Jul-18,Aug-18,Sep-18,Oct-18,Nov-18,Dec-18,Jan-19,Feb-19,Mar-19,Apr-19,May-19,Jun-19,Jul-19,Aug-19,Sep-19,Oct-19,Nov-19,Dec-19,Jan-20,Feb-20,Mar-20,Apr-20
,Percentage,,,,,,,,,,,,,,,,,,,,,,,,,,,,,,,,,,,,,,,,,,,,,,,,,,,,,,,,,,,,,,,,,,,,,,,,,,,,,,,,,,,,,,,,,,,,,,,,,,,,,,,,,,,,,,,,,,,,,,,,,,,,,,,,,,,,,,,,,,,,,,,,,,,,,,,,,,,,,,,,,,,,,,,,,,,,,,,,,,,,,,,,,,,,,,,,,,,,,,,,,,,,,,,,,,,,,,,,,,,,,,,,,,,,,,,,,,,,,,,,,,,,,,,,,,,,,,,,,,,,,,,,,,,,,,,,,,,,,,,,,,,,,,,,,,,,,,,,,,,,,,,,,,,,,,,,,,,,,,,,,,,,,,,,,,,,,,,,,,,,,,,,,,,,,,,,,,,,,,,,,,,,,,,,,,,,,,,,,,,,,,,,,,,,,,,,,,,,,,,,,,,,,,,,,,,,,,,,,,,,,,,,,,,,,,,,,,,,,,,,,,,,,,,,,,,,,,,,,,,,,,,,,,,,,,,,,,,,,,,,,,,,,,,,,,,,,,,,,,,,,,,,,,,,,,,,,,,,,,,,,,,,,,,,,,,
R1 - unemployed 1 year or more 5,0.2,0.3,0.3,0.3,0.3,0.3,0.2,0.2,0.3,0.3,0.3,0.3,0.3,0.4,0.4,0.3,0.3,0.3,0.3,0.4,0.4,0.4,0.4,0.3,0.4,0.4,0.4,0.5,0.4,0.5,0.4,0.4,0.5,0.4,0.5,0.5,0.4,0.4,0.4,0.4,0.4,0.4,0.3,0.3,0.4,0.4,0.4,0.4,0.3,0.4,0.4,0.4,0.4,0.4,0.4,0.4,0.4,0.4,0.4,0.3,0.4,0.4,0.5,0.5,0.4,0.4,0.4,0.4,0.4,0.5,0.4,0.4,0.5,0.5,0.5,0.6,0.6,0.7,0.7,0.8,0.9,1,1.1,1.2,1.3,1.4,1.5,1.5,1.5,1.5,1.4,1.4,1.4,1.5,1.4,1.4,1.4,1.5,1.5,1.5,1.4,1.3,1.2,1.2,1.3,1.3,1.3,1.3,1.3,1.4,1.5,1.4,1.3,1.2,1.2,1.2,1.2,1.2,1.2,1.1,1.1,1.1,1.1,1.1,1,0.9,0.9,0.9,1,0.9,0.9,1,1.1,1.1,1.1,1.1,1,0.9,0.9,0.9,0.9,0.8,0.7,0.7,0.7,0.7,0.7,0.7,0.7,0.6,0.7,0.7,0.7,0.7,0.7,0.6,0.7,0.7,0.7,0.6,0.6,0.6,0.7,0.6,0.6,0.6,0.5,0.5,0.6,0.6,0.6,0.6,0.6,0.5,0.5,0.5,0.6,0.5,0.6,0.7,0.8,0.8,0.8,0.9,0.8,0.9,0.8,1,1,1,1.1,1.1,1.3,1.4,1.5,1.5,1.3,1.4,1.4,1.4,1.6,1.6,1.7,1.7,1.8,1.7,1.9,1.8,1.8,1.8,1.8,1.8,1.8,1.9,2,2,2,2.1,1.9,2,1.8,1.8,1.6,1.6,1.8,1.7,1.7,1.7,1.8,1.7,1.8,1.7,1.5,1.5,1.5,1.4,1.4,1.5,1.5,1.4,1.6,1.6,1.6,1.6,1.4,1.6,1.6,1.6,1.6,1.6,1.6,1.5,1.5,1.7,1.6,1.6,1.6,1.4,1.4,1.4,1.3,1.2,1.3,1.2,1.2,1.2,1.1,1.2,1.1,1,1.1,1.1,1.1,1,1.1,1,1,0.9,0.9,0.9,0.9,0.8,0.8,0.8,0.9,0.8,0.8,0.8,0.8,0.8,0.8,0.8,0.7,0.7,0.7,0.7,0.7,0.7,0.7,0.7,0.7,0.7,0.7,0.7,0.7,0.7,0.6,0.6,0.6,0.6,0.7,0.7,0.7,0.7,0.8,0.7,0.6,0.7,0.7,0.6,0.7,0.7,0.7,0.7,0.7,0.7,0.7,0.7,0.7,0.7,0.7,0.8,0.8,0.7,0.6,0.7,0.7,0.7,0.7,0.7,0.6,0.6,0.6,0.7,0.5,0.7,0.6,0.7,0.7,0.7,0.7,0.7,0.6,0.6,0.6,0.6,0.6,0.6,0.6,0.6,0.6,0.6,0.5,0.5,0.5,0.5,0.6,0.5,0.5,0.5,0.5,0.5,0.5,0.4,0.4,0.4,0.4,0.4,0.4,0.4,0.4,0.5,0.4,0.4,0.4,0.4,0.4,0.5,0.4,0.4,0.4,0.4,0.4,0.4,0.5,0.4,0.5,0.5,0.6,0.6,0.6,0.6,0.6,0.6,0.7,0.8,0.8,0.8,0.9,0.9,0.9,1,0.9,0.9,0.9,0.9,1,0.9,1,1,1,1,1,1,0.8,1.1,1,0.9,0.9,1,1,1,1,1,0.9,0.9,0.9,0.7,0.8,0.9,0.8,0.9,0.9,0.9,0.9,0.9,1,0.9,0.9,0.8,0.9,0.8,0.8,0.9,0.9,0.9,0.9,0.9,0.8,0.8,0.8,0.9,0.9,0.8,0.8,0.8,0.8,0.8,0.9,0.7,0.8,0.8,0.8,0.8,0.7,0.7,0.8,0.7,0.8,0.8,0.8,0.7,0.8,0.7,0.7,0.7,0.8,0.8,0.9,0.8,0.8,0.8,0.9,0.8,0.8,0.8,0.7,0.7,0.7,0.7,0.7,0.7,0.6,0.7,0.6,0.6,0.6,0.6,0.6,0.6,0.5,0.6,0.5,0.5,0.5,0.5,0.5,0.6,0.6,0.5,0.4,0.4,0.4,0.4,0.4,0.4,0.4,0.5,0.5,0.5,0.5,0.3
R2 - unemployed 3 months or more 6,2.5,3.1,3.1,3.3,2.8,2.3,2,1.8,1.9,2.1,2.1,2.4,2.7,3.3,3.6,3.9,3.1,2.8,2.4,2.4,2.4,2.6,2.6,3,3.1,3.6,4.2,4.6,3.8,3.2,2.8,2.6,2.7,2.5,2.6,2.8,3.1,3.4,3.8,4,3.1,2.6,2.1,2,2,2,2,2.2,2.4,3,3.4,3.7,3.2,2.7,2.3,2.3,2.2,2.2,2.2,2.4,2.8,3.1,3.3,3.4,2.9,2.4,2.1,2.2,2.3,2.4,2.4,2.8,3.1,3.8,4.5,5,4.6,4.4,4.5,4.5,5,5.3,5.3,6.2,6.7,7.4,7.9,8.1,6.8,6.2,5.4,5,4.8,4.8,4.7,5.1,5.4,6.2,6.7,6.7,6,5.4,4.7,4.5,4.6,4.6,4.5,5.1,5.3,5.8,6.5,6.3,5.5,4.8,4.3,4.2,4,3.9,3.9,4.3,4.6,5.1,5.5,5.4,4.6,3.9,3.7,3.8,3.7,3.6,3.5,4,4.5,4.9,5.3,5.3,4.4,3.7,3.3,3.3,3.1,3.1,2.8,3.1,3.4,3.7,3.9,4.2,3.5,3,2.9,2.7,2.7,2.7,2.6,2.8,3.2,3.5,4,3.9,3.3,3,2.8,2.6,2.5,2.4,2.4,2.6,3.1,3.6,3.8,3.8,3.2,2.8,2.8,2.8,2.8,2.9,3.1,3.6,4.3,4.9,5.6,5.7,5,4.8,4.7,4.6,4.2,4,4.2,4.6,5.3,5.9,6.5,6.5,5.7,5.3,5.1,5.3,5.2,5.2,5.5,5.5,5.9,6.4,7,7.2,6.4,5.7,5.6,5.4,5.2,5.1,5.2,5.4,5.8,6.4,6.4,6.6,5.6,5.1,4.7,4.6,4.5,4.5,4.2,4.5,4.9,5,5.4,5.4,4.7,4.3,4.1,3.9,3.7,3.9,3.8,4.1,4.6,5,5.1,5.2,4.5,4.4,4.3,4.2,4.1,3.8,3.7,3.9,4.2,4.5,4.6,4.7,4.1,3.6,3.5,3.3,3.3,3.2,3.2,3.3,3.6,3.8,3.9,4,3.5,3.1,3,2.9,2.7,2.7,2.8,2.9,3,3.3,3.3,3.8,3.2,2.8,2.7,2.6,2.4,2.4,2.2,2.4,2.5,2.7,2.8,3,2.5,2.3,2.1,2.1,2,1.9,1.9,1.9,2.2,2.3,2.5,2.6,2.3,2.2,1.9,1.9,1.9,2,2.1,2.4,2.8,3.1,3.4,3.1,2.6,2.5,2.3,2.1,2.1,2.1,2.1,2.2,2.5,2.8,2.9,2.9,2.6,2.4,2.3,2.4,2.4,2.2,2.1,2.3,2.4,2.6,2.6,2.8,2.4,2.1,2.1,2,1.9,1.9,2,2.2,2.4,2.5,2.5,2.5,2.2,1.9,1.9,2,1.8,1.8,1.7,1.9,2.1,2.2,2.2,2.2,1.8,1.6,1.7,1.6,1.5,1.5,1.6,1.6,1.8,2,2,2,1.8,1.6,1.5,1.5,1.5,1.5,1.5,1.6,1.7,1.8,2,2,1.8,1.5,1.5,1.5,1.6,1.6,1.6,1.7,2.1,2.4,2.9,3.2,3.1,3.1,2.9,3,2.9,3,3,3.1,3.3,3.5,3.6,3.6,3.3,2.9,3,2.9,2.9,2.6,2.7,2.9,3,3.3,3.2,3.4,2.8,2.8,2.7,2.6,2.4,2.6,2.4,2.7,2.8,3,2.9,2.9,2.7,2.4,2.4,2.5,2.3,2.6,2.5,2.6,2.6,2.9,3.1,3,2.6,2.4,2.4,2.4,2.4,2.4,2.4,2.4,2.7,2.8,3.1,3.1,2.7,2.5,2.4,2.3,2.2,2.2,2.1,2.2,2.4,2.5,2.7,2.9,2.5,2.4,2.3,2.4,2.2,2.3,2.4,2.5,2.6,2.8,3,3,2.5,2.3,2.4,2.4,2.3,2.3,2.2,2.5,2.5,2.6,2.8,2.8,2.5,2.1,2.1,2.1,2.1,2,1.8,2,2,2.2,2.3,2.4,2,2,1.8,1.9,1.7,1.7,1.6,1.7,1.8,2.1,2.1,2.1,1.7,1.5,1.5,1.5,1.5,1.5,1.6,1.6,1.7,2,2,2
R3 - comparable to the United States rate 7,7.9,7.8,7.4,7.4,6.8,6.5,6.7,6.2,6.2,6.3,6.6,7.1,8.4,8.6,8.7,8.6,7.7,7.4,7.4,7.2,7.3,7.1,7.6,8,9.1,9.1,9.5,9.1,8.4,8,7.6,7.4,7.4,7,7.4,7.8,8.9,8.7,8.7,8.5,7.5,7.1,6.3,6.3,6.2,6.3,6.6,6.8,8.2,8.1,8.3,8.2,7.7,7.3,6.8,6.7,6.5,6.4,6.5,6.9,8,7.7,8.2,7.5,7.1,6.9,6.4,6.2,7.2,7.3,7.6,8.2,9.3,9.4,10.3,10.4,10.2,10.5,10.7,10.8,10.9,11.3,11.9,12.5,13.4,13.3,13.7,13,12.2,11.6,10.8,10.5,10.1,9.9,10.3,10.8,11.9,11.7,12.2,11.9,11.5,10.6,9.8,10,10.5,10.2,10.7,10.4,11.3,11.2,11.9,11.2,10.3,9.9,9.2,9.1,9,9,9.4,9.4,10.3,10.3,10.6,10.1,9.2,8.9,8.5,8.5,8.3,8.3,8.7,8.9,10,9.9,10.2,9.5,8.6,8.1,7.8,7.6,7.4,7.2,7.4,7.4,8.4,8.1,8.4,7.9,7.5,6.8,7.1,7,6.8,6.6,6.8,6.8,7.8,7.8,8,7.8,7.2,6.8,6.8,6.6,6.3,6.2,6.8,7,8.2,7.9,7.9,7.8,7.5,7,7.1,7.3,7.1,7.6,8.4,8.8,10.1,10.6,11.1,10.4,9.9,9.7,9.5,9.5,8.8,9,9.5,9.5,10.7,10.8,11.7,11,10.7,10.4,10.5,10.5,10,9.8,11,10.7,11.4,11.2,11.9,11.6,11.3,10.7,10.8,10.3,9.7,9.6,10.1,10.6,11.4,11.1,11,10.7,9.9,9.2,9.1,8.7,8.3,8.3,8.5,8.6,9.7,9.4,9.7,9,8.7,8.4,8.8,8.3,7.5,7.8,8.1,8.3,9.5,9.4,9.4,8.8,8.5,8.5,8.7,8.1,8.3,8.6,8.8,8.7,9.6,9.5,9.2,9.2,8.8,8.3,8.2,7.6,7.4,7.6,7.8,7.5,8.9,8.5,8.4,7.9,7.8,7.7,7.6,7,6.9,6.9,7.1,7.1,8,7.9,7.7,7.9,7.5,6.9,7,6.6,6.2,6,6,5.8,6.6,6.7,6.6,6.4,6.2,5.9,6.2,5.9,5.5,5.6,5.8,5.7,6.8,6.7,6.7,6.6,6.5,6.2,6.4,6.1,6,6,6.5,6.9,8.1,7.8,7.6,7.3,7.2,6.6,6.8,6.5,6.4,6.3,6.5,6.5,7.5,7.3,7.2,7.1,7.2,6.5,6.9,6.8,6.5,6.3,6.4,6.4,7.2,7,7.1,6.8,6.6,6.2,6.4,6.1,5.8,5.8,6.2,6,6.8,6.7,6.5,6.2,6.3,5.7,6.1,5.7,5.6,5.4,5.3,5.5,6.3,6.1,6,5.7,5.5,5,5.7,5.3,5.2,4.9,5.2,4.9,5.9,5.8,5.8,5.4,5.2,4.9,5.2,5,4.7,4.7,5,5,5.6,5.5,5.6,5.3,5.4,5,5.3,4.9,4.8,4.9,5.5,5.6,7.1,7.4,7.7,7.7,8,7.4,7.8,7.4,6.9,6.9,7.2,7.1,7.9,7.8,8,7.5,7.4,6.8,7.2,7,6.6,6.4,6.2,6.2,7.2,7.1,7.1,6.8,6.6,6.3,6.5,6.3,6,6,6.2,6.1,7,6.7,6.6,6.6,6.7,6.1,6.4,6.1,5.8,6,5.9,5.9,6.6,6.5,6.7,6.3,6.2,6.1,6.3,5.8,5.6,5.7,5.6,5.7,6.4,6.4,6.5,6.2,6.2,5.9,6.2,5.8,5.5,5.2,5.4,5.4,6,6.3,6.4,6.2,6.1,5.6,6,5.8,5.6,5.5,5.6,5.9,6.5,6.7,6.6,6.4,6,5.5,6,5.8,5.5,5.4,5.5,5.6,6,5.9,5.9,5.6,5.6,5.1,5.4,5.2,4.7,4.7,4.7,4.4,5.3,5.2,5.2,5,4.9,4.7,4.8,4.8,4.4,4.4,4.3,4.3,5.1,5.1,5.1,4.8,4.4,4.3,4.7,4.5,4.1,4.1,4.5,4.2,4.7,4.9,7.5,12.1
R4 - official rate 8,8.1,8,7.6,7.5,6.8,6.6,7.1,6.5,6.3,6.5,6.8,7.2,8.6,8.9,8.9,8.7,7.7,7.5,7.8,7.5,7.5,7.4,7.9,8.3,9.3,9.4,9.7,9.3,8.5,8,8.1,7.8,7.6,7.2,7.7,8,9.2,9,9,8.6,7.5,7.1,6.8,6.6,6.4,6.6,6.8,7,8.5,8.4,8.6,8.3,7.8,7.5,7.2,7,6.7,6.7,6.8,7.1,8.3,8.1,8.5,7.7,7.2,7,6.8,6.5,7.5,7.6,7.9,8.5,9.6,9.7,10.5,10.5,10.4,10.7,11.3,11.3,11.3,11.8,12.4,12.9,13.9,13.7,14.1,13.4,12.4,11.9,11.4,11,10.5,10.3,10.7,11.1,12.2,12.2,12.7,12.2,11.7,10.8,10.4,10.6,10.9,10.6,11.1,10.8,11.7,11.7,12.3,11.5,10.5,10.2,9.8,9.7,9.5,9.6,9.9,9.8,10.8,10.7,11,10.3,9.5,9.1,9.1,9,8.8,8.7,9,9.2,10.4,10.3,10.7,9.8,8.9,8.4,8.4,8.1,7.8,7.6,7.8,7.8,8.8,8.5,8.8,8.2,7.7,7.2,7.6,7.6,7.2,7,7.3,7.3,8.3,8.3,8.6,8.3,7.6,7.1,7.4,7.1,6.7,6.7,7.3,7.4,8.7,8.4,8.3,7.9,7.8,7.2,7.7,7.9,7.7,8.1,8.9,9.2,10.7,11.1,11.7,10.8,10.3,10,10.3,10.1,9.3,9.5,10,10.1,11.3,11.4,12.2,11.3,11,10.9,11.2,11.2,10.4,10.4,11.6,11.4,12.1,11.8,12.5,12.1,11.7,11.2,11.7,11.2,10.3,10.3,10.8,11.1,12.3,11.9,11.7,11.5,10.7,9.9,10.2,10.1,9.1,9.1,9.2,9.3,10.5,10.3,10.6,10,9.6,9.1,9.9,9.5,8.3,8.5,8.8,9,10.3,10.2,10.3,9.7,9.3,9.4,9.8,9.3,9,9.2,9.5,9.3,10.3,10.3,10,9.8,9.5,8.8,9.1,8.8,8.1,8.2,8.5,8,9.5,9.2,9,8.6,8.4,8,8.4,8,7.5,7.4,7.7,7.7,8.6,8.5,8.4,8.6,8.1,7.2,7.8,7.6,6.8,6.6,6.6,6.3,7.3,7.3,7.3,7.1,6.7,6.3,7,7.2,6.3,6.4,6.5,6.4,7.5,7.5,7.6,7.4,7.1,6.7,7.3,7.5,6.6,6.7,7.1,7.6,8.7,8.5,8.4,8,7.9,7.1,7.8,7.7,6.9,6.9,7.1,7.1,8.1,7.9,7.8,7.9,8,7.1,7.8,8.1,7.3,6.9,7.1,6.9,7.9,7.8,7.8,7.5,7.3,6.7,7.3,7.5,6.5,6.5,6.8,6.7,7.5,7.4,7.4,7,7,6.3,6.9,7.1,6.3,6.1,6,6.1,7.2,6.7,6.8,6.6,6.2,5.7,6.7,6.9,6,5.6,5.9,5.7,6.7,6.5,6.6,6.4,6.1,5.6,6.2,6.4,5.5,5.3,5.7,5.6,6.3,6.2,6.5,6.3,6.2,5.6,6.3,6.5,5.6,5.6,6.2,6.4,7.9,8.3,8.8,8.7,8.9,8.2,9,9.1,7.7,7.7,8,7.9,8.8,8.6,8.9,8.5,8.4,7.5,8.3,8.8,7.5,7.2,7.1,7.1,8.2,8,8.3,8,7.6,7.1,7.6,7.9,6.8,6.8,7.1,6.9,8,7.8,7.8,7.5,7.5,6.8,7.5,7.7,6.6,6.8,6.8,6.7,7.5,7.4,7.8,7.4,7.2,6.7,7.4,7.6,6.4,6.4,6.5,6.7,7.4,7.4,7.4,7.3,7.2,6.7,7.3,7.5,6.3,6,6.2,6.2,7,7.2,7.4,7.1,7.1,6.5,7.1,7.5,6.4,6.3,6.6,6.7,7.5,7.7,7.7,7.5,6.9,6.4,7.2,7.6,6.4,6.3,6.3,6.4,7.2,7,7.2,6.8,6.6,6,6.5,6.8,5.6,5.7,5.4,5.3,6.2,6.1,6.3,6.1,5.9,5.7,6,6.6,5.4,5.3,5.2,5.2,6.2,6.1,6.2,5.9,5.5,5.2,5.9,6.3,5,5,5.5,5.1,5.8,5.9,8.4,13.5
R5 - plus discouraged searchers 9,..,..,..,..,..,..,..,..,..,..,..,..,..,..,..,..,..,..,..,..,..,..,..,..,..,..,..,..,..,..,..,..,..,..,..,..,..,..,..,..,..,..,..,..,..,..,..,..,..,..,..,..,..,..,..,..,..,..,..,..,..,..,..,..,..,..,..,..,..,..,..,..,..,..,..,..,..,..,..,..,..,..,..,..,..,..,..,..,..,..,..,..,..,..,..,..,..,..,..,..,..,..,..,..,..,..,..,..,..,..,..,..,..,..,..,..,..,..,..,..,..,..,..,..,..,..,..,..,..,..,..,..,..,..,..,..,..,..,..,..,..,..,..,..,..,..,..,..,..,..,..,..,..,..,..,..,..,..,..,..,..,..,..,..,..,..,..,..,..,..,..,..,..,..,..,..,..,..,..,..,..,..,..,..,..,..,..,..,..,..,..,..,..,..,..,..,..,..,..,..,..,..,..,..,..,..,..,..,..,..,..,..,..,..,..,..,..,..,..,..,..,..,..,..,..,..,..,..,..,..,..,..,..,..,..,..,..,..,..,..,..,..,..,..,..,..,..,..,..,..,..,..,11.1,10.9,10.7,10.5,10,9.5,9.8,9.5,8.6,8.8,9.1,8.6,10.1,9.7,9.4,9.1,8.9,8.5,8.9,8.5,7.9,7.8,8.1,8.2,9.1,8.9,8.9,9,8.4,7.6,8.2,8.1,7.1,6.9,7,6.7,7.7,7.6,7.6,7.4,7,6.6,7.3,7.5,6.5,6.6,6.8,6.7,7.8,7.8,7.8,7.7,7.3,6.9,7.4,7.7,6.8,6.9,7.4,7.9,9,8.7,8.6,8.3,8.1,7.3,8,7.9,7.1,7.1,7.4,7.4,8.4,8.2,8,8.1,8.2,7.3,8,8.3,7.4,7.1,7.3,7.1,8.1,7.9,8,7.7,7.5,6.8,7.4,7.6,6.6,6.6,7,6.9,7.7,7.6,7.5,7.2,7.1,6.4,7.1,7.3,6.4,6.3,6.2,6.3,7.4,6.9,6.9,6.7,6.3,5.8,6.8,7,6,5.7,6.1,5.8,6.9,6.6,6.7,6.5,6.2,5.7,6.3,6.5,5.5,5.4,5.8,5.7,6.5,6.3,6.6,6.4,6.4,5.7,6.4,6.6,5.7,5.7,6.3,6.5,8.1,8.5,9,8.9,9.1,8.4,9.2,9.3,7.8,7.8,8.2,8.1,9,8.8,9.1,8.7,8.5,7.7,8.5,8.9,7.6,7.4,7.3,7.3,8.4,8.2,8.4,8.1,7.7,7.2,7.8,8,6.9,6.9,7.2,7.1,8.2,8,7.9,7.6,7.7,6.9,7.6,7.9,6.8,7,6.9,6.9,7.7,7.5,7.9,7.5,7.3,6.8,7.6,7.7,6.5,6.5,6.6,6.9,7.6,7.5,7.6,7.4,7.3,6.8,7.4,7.6,6.4,6.2,6.3,6.4,7.1,7.3,7.5,7.3,7.2,6.6,7.2,7.7,6.6,6.5,6.7,6.9,7.7,7.9,7.8,7.6,7.1,6.5,7.3,7.8,6.6,6.4,6.4,6.6,7.3,7.1,7.3,6.9,6.7,6.1,6.7,6.9,5.8,5.8,5.5,5.5,6.4,6.3,6.4,6.2,6,5.8,6.1,6.7,5.5,5.4,5.3,5.3,6.3,6.2,6.3,6,5.6,5.3,6.1,6.4,5.1,5.1,5.5,5.2,5.9,6,8.6,14.2
"R6 - plus waiting group (recall, replies, long-term future starts) 10",..,..,..,..,..,..,..,..,..,..,..,..,..,..,..,..,..,..,..,..,..,..,..,..,..,..,..,..,..,..,..,..,..,..,..,..,..,..,..,..,..,..,..,..,..,..,..,..,..,..,..,..,..,..,..,..,..,..,..,..,..,..,..,..,..,..,..,..,..,..,..,..,..,..,..,..,..,..,..,..,..,..,..,..,..,..,..,..,..,..,..,..,..,..,..,..,..,..,..,..,..,..,..,..,..,..,..,..,..,..,..,..,..,..,..,..,..,..,..,..,..,..,..,..,..,..,..,..,..,..,..,..,..,..,..,..,..,..,..,..,..,..,..,..,..,..,..,..,..,..,..,..,..,..,..,..,..,..,..,..,..,..,..,..,..,..,..,..,..,..,..,..,..,..,..,..,..,..,..,..,..,..,..,..,..,..,..,..,..,..,..,..,..,..,..,..,..,..,..,..,..,..,..,..,..,..,..,..,..,..,..,..,..,..,..,..,..,..,..,..,..,..,..,..,..,..,..,..,..,..,..,..,..,..,..,..,..,..,..,..,..,..,..,..,..,..,..,..,..,..,..,..,11.3,11.2,11,10.7,10.1,9.4,9.8,9.4,8.5,8.7,9.1,8.7,10.5,10.2,10.1,9.5,9.1,8.6,9.2,8.6,7.9,7.8,8.2,8.3,9.5,9.4,9.5,9.4,8.7,7.7,8.5,8.1,7.2,7,7.1,7,8.3,8.2,8.3,7.9,7.3,6.7,7.7,7.6,6.8,6.8,7,7.1,8.3,8.3,8.5,8.2,7.6,7.2,8,7.9,6.9,7.1,7.7,8.1,9.7,9.5,9.3,8.8,8.5,7.5,8.5,8.1,7.3,7.4,7.7,7.7,9,8.8,8.9,8.6,8.6,7.5,8.6,8.4,7.6,7.3,7.6,7.6,8.8,8.7,8.8,8.2,8,7.2,8.2,7.9,6.8,6.9,7.4,7.4,8.4,8.3,8.5,7.9,7.6,6.7,7.8,7.5,6.7,6.6,6.6,6.8,8.2,7.7,7.9,7.4,6.8,6.1,7.5,7.3,6.3,6,6.5,6.4,7.6,7.4,7.5,7.1,6.8,6,7.1,6.8,5.8,5.7,6.2,6.3,7.2,7.1,7.4,7,6.9,6.1,7.3,6.9,6,6,6.8,7,8.8,9.3,9.9,9.5,9.6,8.6,9.8,9.5,8.1,8.1,8.5,8.6,9.6,9.5,9.9,9.3,9,7.9,9.3,9.2,7.8,7.6,7.6,7.8,9.1,9,9.4,8.9,8.2,7.6,8.6,8.2,7.2,7.3,7.7,7.6,8.9,8.8,8.9,8.3,8.1,7.2,8.5,8.1,7.1,7.2,7.3,7.4,8.4,8.3,8.7,8.1,7.8,7.1,8.2,8,6.8,6.8,7,7.3,8.2,8.3,8.3,8,7.8,7.1,8.1,7.9,6.6,6.4,6.8,6.9,7.8,8,8.4,7.9,7.7,6.9,8,8,6.8,6.9,7.1,7.4,8.3,8.5,8.6,8.1,7.6,6.9,8.1,7.9,6.7,6.7,6.8,7,7.9,7.7,8,7.5,7.1,6.4,7.4,7.1,6.1,6,6,5.9,7,7,7.1,6.7,6.5,6,6.8,7.1,5.8,5.7,5.7,5.8,6.9,6.9,7.2,6.6,6,5.6,6.9,6.7,5.4,5.4,5.9,5.7,6.6,6.7,9.9,15.9
R7 - plus involuntary part-timers (in full-time equivalents) 11,..,..,..,..,..,..,..,..,..,..,..,..,..,..,..,..,..,..,..,..,..,..,..,..,..,..,..,..,..,..,..,..,..,..,..,..,..,..,..,..,..,..,..,..,..,..,..,..,..,..,..,..,..,..,..,..,..,..,..,..,..,..,..,..,..,..,..,..,..,..,..,..,..,..,..,..,..,..,..,..,..,..,..,..,..,..,..,..,..,..,..,..,..,..,..,..,..,..,..,..,..,..,..,..,..,..,..,..,..,..,..,..,..,..,..,..,..,..,..,..,..,..,..,..,..,..,..,..,..,..,..,..,..,..,..,..,..,..,..,..,..,..,..,..,..,..,..,..,..,..,..,..,..,..,..,..,..,..,..,..,..,..,..,..,..,..,..,..,..,..,..,..,..,..,..,..,..,..,..,..,..,..,..,..,..,..,..,..,..,..,..,..,..,..,..,..,..,..,..,..,..,..,..,..,..,..,..,..,..,..,..,..,..,..,..,..,..,..,..,..,..,..,..,..,..,..,..,..,..,..,..,..,..,..,..,..,..,..,..,..,..,..,..,..,..,..,..,..,..,..,..,..,13.9,13.8,13.5,13.1,12.8,12.2,12.5,11.7,10.6,10.9,11.4,11,12.6,12.2,12.1,11.6,11.4,11.1,11.6,10.7,9.8,9.9,10.2,10.6,11.5,11.4,11.1,11,10.6,10,10.7,9.8,8.8,8.6,8.7,8.5,9.7,9.9,9.7,9.4,9.1,8.7,9.6,9.3,8.3,8.3,8.6,8.6,9.9,9.9,10,9.6,9.5,9.2,9.6,9.5,8.4,8.6,9.2,9.9,11.3,11.1,10.8,10.4,10.4,9.7,10.3,9.8,8.8,9.2,9.5,9.7,10.8,10.8,10.4,10.3,10.5,9.8,10.6,10.4,9.4,9.2,9.3,9.5,10.5,10.4,10.2,9.8,9.8,9.3,9.7,9.5,8.3,8.3,8.8,9,9.8,9.9,9.6,9.2,9.2,8.5,9.2,9,8,8,8.1,8.3,9.3,9,8.9,8.5,8.2,7.8,8.9,8.5,7.5,7.1,7.6,7.6,8.8,8.5,8.5,8.2,8.1,7.7,8,7.9,6.8,6.9,7.1,7.2,8.2,8.1,8.5,8,8.1,7.7,8.3,8.1,7.1,7.4,8,8.4,10.1,10.9,11.4,11.2,11.5,11.2,11.6,11.5,9.9,10,10.4,10.5,11.7,11.3,11.5,11.1,11,10.2,11.1,11.1,9.7,9.4,9.5,9.7,11.1,10.9,10.8,10.6,10.1,9.7,10,9.8,8.5,8.8,9.2,9.2,10.7,10.5,10.1,9.9,10.1,9.3,10,9.7,8.5,8.7,8.9,9,10,10,10.2,9.8,9.7,9.4,9.8,9.7,8.4,8.4,8.7,9.2,10,10.1,10.1,9.8,9.9,9.2,9.9,9.7,8.4,8.2,8.4,8.6,9.4,9.8,9.9,9.5,9.5,8.9,9.3,9.4,8.2,8.3,8.7,9,9.9,10.2,9.9,9.7,9.2,8.6,9.3,9.5,8.2,8.3,8.5,8.6,9.5,9.1,9.4,9,8.7,8.2,8.6,8.6,7.4,7.3,7.2,7.3,8.1,8.1,8.1,7.8,7.6,7.6,7.9,8.1,6.9,6.7,6.8,6.9,7.9,7.7,7.8,7.5,7,6.8,7.4,7.8,6.4,6.3,6.9,6.8,7.6,7.5,9.6,14.4
"R8 - plus discouraged searchers, waiting group, portion of involuntary part-timers 12",..,..,..,..,..,..,..,..,..,..,..,..,..,..,..,..,..,..,..,..,..,..,..,..,..,..,..,..,..,..,..,..,..,..,..,..,..,..,..,..,..,..,..,..,..,..,..,..,..,..,..,..,..,..,..,..,..,..,..,..,..,..,..,..,..,..,..,..,..,..,..,..,..,..,..,..,..,..,..,..,..,..,..,..,..,..,..,..,..,..,..,..,..,..,..,..,..,..,..,..,..,..,..,..,..,..,..,..,..,..,..,..,..,..,..,..,..,..,..,..,..,..,..,..,..,..,..,..,..,..,..,..,..,..,..,..,..,..,..,..,..,..,..,..,..,..,..,..,..,..,..,..,..,..,..,..,..,..,..,..,..,..,..,..,..,..,..,..,..,..,..,..,..,..,..,..,..,..,..,..,..,..,..,..,..,..,..,..,..,..,..,..,..,..,..,..,..,..,..,..,..,..,..,..,..,..,..,..,..,..,..,..,..,..,..,..,..,..,..,..,..,..,..,..,..,..,..,..,..,..,..,..,..,..,..,..,..,..,..,..,..,..,..,..,..,..,..,..,..,..,..,..,15,14.8,14.6,14.1,13.5,13,13.5,12.7,11.4,11.8,12.3,11.8,13.7,13.3,13.2,12.5,12.1,11.8,12.6,11.5,10.6,10.6,10.9,11.3,12.5,12.5,12.3,12,11.4,10.6,11.6,10.7,9.6,9.3,9.5,9.4,10.7,10.8,10.7,10.3,9.7,9.2,10.4,10,9,9.1,9.3,9.4,10.6,10.8,11,10.5,10,9.6,10.5,10.1,9,9.2,10,10.5,12.2,12.1,11.8,11.3,11,10.1,11.1,10.5,9.5,9.8,10.2,10.3,11.7,11.5,11.4,11.1,11.1,10.2,11.4,11,10,9.8,9.9,10.1,11.4,11.3,11.2,10.6,10.5,9.7,10.8,10.1,8.9,9,9.5,9.7,10.8,10.7,10.7,10.1,9.9,9,10.2,9.7,8.7,8.6,8.8,8.9,10.4,10,10,9.5,8.9,8.3,9.9,9.2,8.1,7.8,8.4,8.3,9.7,9.5,9.5,9.1,8.8,8.1,9.2,8.6,7.4,7.5,8,8,9.1,9,9.4,8.9,8.9,8.2,9.4,8.8,7.8,8,8.8,9.1,11,11.7,12.4,11.9,12.1,11.4,12.6,12.1,10.5,10.5,11,11.1,12.4,12.1,12.6,11.9,11.6,10.7,12.1,11.7,10.3,10,10.1,10.3,11.8,11.7,11.8,11.4,10.8,10.2,11.2,10.5,9.3,9.5,10,9.9,11.6,11.4,11.3,10.7,10.7,9.7,11.1,10.4,9.3,9.4,9.6,9.6,10.8,10.8,11.2,10.5,10.3,9.8,10.8,10.3,9,8.9,9.3,9.7,10.7,10.9,10.8,10.5,10.4,9.7,10.7,10.2,9,8.8,9,9.3,10.2,10.5,10.8,10.3,10.1,9.3,10.4,10.1,8.9,9,9.3,9.6,10.7,10.9,10.8,10.3,9.9,9.1,10.4,10.1,8.9,8.8,9,9.2,10.3,10,10.2,9.7,9.3,8.7,9.7,9.2,8,7.9,7.9,7.9,9,9,9.1,8.6,8.4,8.1,8.9,8.9,7.5,7.3,7.4,7.6,8.7,8.7,9,8.3,7.7,7.4,8.7,8.5,7,7,7.5,7.3,8.5,8.5,11.7,17.9
,,,,,,,,,,,,,,,,,,,,,,,,,,,,,,,,,,,,,,,,,,,,,,,,,,,,,,,,,,,,,,,,,,,,,,,,,,,,,,,,,,,,,,,,,,,,,,,,,,,,,,,,,,,,,,,,,,,,,,,,,,,,,,,,,,,,,,,,,,,,,,,,,,,,,,,,,,,,,,,,,,,,,,,,,,,,,,,,,,,,,,,,,,,,,,,,,,,,,,,,,,,,,,,,,,,,,,,,,,,,,,,,,,,,,,,,,,,,,,,,,,,,,,,,,,,,,,,,,,,,,,,,,,,,,,,,,,,,,,,,,,,,,,,,,,,,,,,,,,,,,,,,,,,,,,,,,,,,,,,,,,,,,,,,,,,,,,,,,,,,,,,,,,,,,,,,,,,,,,,,,,,,,,,,,,,,,,,,,,,,,,,,,,,,,,,,,,,,,,,,,,,,,,,,,,,,,,,,,,,,,,,,,,,,,,,,,,,,,,,,,,,,,,,,,,,,,,,,,,,,,,,,,,,,,,,,,,,,,,,,,,,,,,,,,,,,,,,,,,,,,,,,,,,,,,,,,,,,,,,,,,,,,,,,,,,,
Symbol legend:,,,,,,,,,,,,,,,,,,,,,,,,,,,,,,,,,,,,,,,,,,,,,,,,,,,,,,,,,,,,,,,,,,,,,,,,,,,,,,,,,,,,,,,,,,,,,,,,,,,,,,,,,,,,,,,,,,,,,,,,,,,,,,,,,,,,,,,,,,,,,,,,,,,,,,,,,,,,,,,,,,,,,,,,,,,,,,,,,,,,,,,,,,,,,,,,,,,,,,,,,,,,,,,,,,,,,,,,,,,,,,,,,,,,,,,,,,,,,,,,,,,,,,,,,,,,,,,,,,,,,,,,,,,,,,,,,,,,,,,,,,,,,,,,,,,,,,,,,,,,,,,,,,,,,,,,,,,,,,,,,,,,,,,,,,,,,,,,,,,,,,,,,,,,,,,,,,,,,,,,,,,,,,,,,,,,,,,,,,,,,,,,,,,,,,,,,,,,,,,,,,,,,,,,,,,,,,,,,,,,,,,,,,,,,,,,,,,,,,,,,,,,,,,,,,,,,,,,,,,,,,,,,,,,,,,,,,,,,,,,,,,,,,,,,,,,,,,,,,,,,,,,,,,,,,,,,,,,,,,,,,,,,,,,,,,,
..,  not available for a specific reference period,,,,,,,,,,,,,,,,,,,,,,,,,,,,,,,,,,,,,,,,,,,,,,,,,,,,,,,,,,,,,,,,,,,,,,,,,,,,,,,,,,,,,,,,,,,,,,,,,,,,,,,,,,,,,,,,,,,,,,,,,,,,,,,,,,,,,,,,,,,,,,,,,,,,,,,,,,,,,,,,,,,,,,,,,,,,,,,,,,,,,,,,,,,,,,,,,,,,,,,,,,,,,,,,,,,,,,,,,,,,,,,,,,,,,,,,,,,,,,,,,,,,,,,,,,,,,,,,,,,,,,,,,,,,,,,,,,,,,,,,,,,,,,,,,,,,,,,,,,,,,,,,,,,,,,,,,,,,,,,,,,,,,,,,,,,,,,,,,,,,,,,,,,,,,,,,,,,,,,,,,,,,,,,,,,,,,,,,,,,,,,,,,,,,,,,,,,,,,,,,,,,,,,,,,,,,,,,,,,,,,,,,,,,,,,,,,,,,,,,,,,,,,,,,,,,,,,,,,,,,,,,,,,,,,,,,,,,,,,,,,,,,,,,,,,,,,,,,,,,,,,,,,,,,,,,,,,,,,,,,,,,,,,,,,,,
,,,,,,,,,,,,,,,,,,,,,,,,,,,,,,,,,,,,,,,,,,,,,,,,,,,,,,,,,,,,,,,,,,,,,,,,,,,,,,,,,,,,,,,,,,,,,,,,,,,,,,,,,,,,,,,,,,,,,,,,,,,,,,,,,,,,,,,,,,,,,,,,,,,,,,,,,,,,,,,,,,,,,,,,,,,,,,,,,,,,,,,,,,,,,,,,,,,,,,,,,,,,,,,,,,,,,,,,,,,,,,,,,,,,,,,,,,,,,,,,,,,,,,,,,,,,,,,,,,,,,,,,,,,,,,,,,,,,,,,,,,,,,,,,,,,,,,,,,,,,,,,,,,,,,,,,,,,,,,,,,,,,,,,,,,,,,,,,,,,,,,,,,,,,,,,,,,,,,,,,,,,,,,,,,,,,,,,,,,,,,,,,,,,,,,,,,,,,,,,,,,,,,,,,,,,,,,,,,,,,,,,,,,,,,,,,,,,,,,,,,,,,,,,,,,,,,,,,,,,,,,,,,,,,,,,,,,,,,,,,,,,,,,,,,,,,,,,,,,,,,,,,,,,,,,,,,,,,,,,,,,,,,,,,,,,,
Corrections:,,,,,,,,,,,,,,,,,,,,,,,,,,,,,,,,,,,,,,,,,,,,,,,,,,,,,,,,,,,,,,,,,,,,,,,,,,,,,,,,,,,,,,,,,,,,,,,,,,,,,,,,,,,,,,,,,,,,,,,,,,,,,,,,,,,,,,,,,,,,,,,,,,,,,,,,,,,,,,,,,,,,,,,,,,,,,,,,,,,,,,,,,,,,,,,,,,,,,,,,,,,,,,,,,,,,,,,,,,,,,,,,,,,,,,,,,,,,,,,,,,,,,,,,,,,,,,,,,,,,,,,,,,,,,,,,,,,,,,,,,,,,,,,,,,,,,,,,,,,,,,,,,,,,,,,,,,,,,,,,,,,,,,,,,,,,,,,,,,,,,,,,,,,,,,,,,,,,,,,,,,,,,,,,,,,,,,,,,,,,,,,,,,,,,,,,,,,,,,,,,,,,,,,,,,,,,,,,,,,,,,,,,,,,,,,,,,,,,,,,,,,,,,,,,,,,,,,,,,,,,,,,,,,,,,,,,,,,,,,,,,,,,,,,,,,,,,,,,,,,,,,,,,,,,,,,,,,,,,,,,,,,,,,,,,,,
Date:,Note:,,,,,,,,,,,,,,,,,,,,,,,,,,,,,,,,,,,,,,,,,,,,,,,,,,,,,,,,,,,,,,,,,,,,,,,,,,,,,,,,,,,,,,,,,,,,,,,,,,,,,,,,,,,,,,,,,,,,,,,,,,,,,,,,,,,,,,,,,,,,,,,,,,,,,,,,,,,,,,,,,,,,,,,,,,,,,,,,,,,,,,,,,,,,,,,,,,,,,,,,,,,,,,,,,,,,,,,,,,,,,,,,,,,,,,,,,,,,,,,,,,,,,,,,,,,,,,,,,,,,,,,,,,,,,,,,,,,,,,,,,,,,,,,,,,,,,,,,,,,,,,,,,,,,,,,,,,,,,,,,,,,,,,,,,,,,,,,,,,,,,,,,,,,,,,,,,,,,,,,,,,,,,,,,,,,,,,,,,,,,,,,,,,,,,,,,,,,,,,,,,,,,,,,,,,,,,,,,,,,,,,,,,,,,,,,,,,,,,,,,,,,,,,,,,,,,,,,,,,,,,,,,,,,,,,,,,,,,,,,,,,,,,,,,,,,,,,,,,,,,,,,,,,,,,,,,,,,,,,,,,,,,,,,,,,,
2018-10-23T04:00:00Z,"On October 24, 2018, the data from January 1998 to September 2018 were corrected for the “R3 - comparable to the United States rate” series.",,,,,,,,,,,,,,,,,,,,,,,,,,,,,,,,,,,,,,,,,,,,,,,,,,,,,,,,,,,,,,,,,,,,,,,,,,,,,,,,,,,,,,,,,,,,,,,,,,,,,,,,,,,,,,,,,,,,,,,,,,,,,,,,,,,,,,,,,,,,,,,,,,,,,,,,,,,,,,,,,,,,,,,,,,,,,,,,,,,,,,,,,,,,,,,,,,,,,,,,,,,,,,,,,,,,,,,,,,,,,,,,,,,,,,,,,,,,,,,,,,,,,,,,,,,,,,,,,,,,,,,,,,,,,,,,,,,,,,,,,,,,,,,,,,,,,,,,,,,,,,,,,,,,,,,,,,,,,,,,,,,,,,,,,,,,,,,,,,,,,,,,,,,,,,,,,,,,,,,,,,,,,,,,,,,,,,,,,,,,,,,,,,,,,,,,,,,,,,,,,,,,,,,,,,,,,,,,,,,,,,,,,,,,,,,,,,,,,,,,,,,,,,,,,,,,,,,,,,,,,,,,,,,,,,,,,,,,,,,,,,,,,,,,,,,,,,,,,,,,,,,,,,,,,,,,,,,,,,,,,,,,,,,,,,,
2014-01-16T05:00:00Z,"The following variables for Canada and the provinces have been corrected for November and December 2013: R3 - comparable to the United States rate, by age group 15 years and over and 15 to 24 years for both sexes, males and females.",,,,,,,,,,,,,,,,,,,,,,,,,,,,,,,,,,,,,,,,,,,,,,,,,,,,,,,,,,,,,,,,,,,,,,,,,,,,,,,,,,,,,,,,,,,,,,,,,,,,,,,,,,,,,,,,,,,,,,,,,,,,,,,,,,,,,,,,,,,,,,,,,,,,,,,,,,,,,,,,,,,,,,,,,,,,,,,,,,,,,,,,,,,,,,,,,,,,,,,,,,,,,,,,,,,,,,,,,,,,,,,,,,,,,,,,,,,,,,,,,,,,,,,,,,,,,,,,,,,,,,,,,,,,,,,,,,,,,,,,,,,,,,,,,,,,,,,,,,,,,,,,,,,,,,,,,,,,,,,,,,,,,,,,,,,,,,,,,,,,,,,,,,,,,,,,,,,,,,,,,,,,,,,,,,,,,,,,,,,,,,,,,,,,,,,,,,,,,,,,,,,,,,,,,,,,,,,,,,,,,,,,,,,,,,,,,,,,,,,,,,,,,,,,,,,,,,,,,,,,,,,,,,,,,,,,,,,,,,,,,,,,,,,,,,,,,,,,,,,,,,,,,,,,,,,,,,,,,,,,,,,,,,,,,,,
,,,,,,,,,,,,,,,,,,,,,,,,,,,,,,,,,,,,,,,,,,,,,,,,,,,,,,,,,,,,,,,,,,,,,,,,,,,,,,,,,,,,,,,,,,,,,,,,,,,,,,,,,,,,,,,,,,,,,,,,,,,,,,,,,,,,,,,,,,,,,,,,,,,,,,,,,,,,,,,,,,,,,,,,,,,,,,,,,,,,,,,,,,,,,,,,,,,,,,,,,,,,,,,,,,,,,,,,,,,,,,,,,,,,,,,,,,,,,,,,,,,,,,,,,,,,,,,,,,,,,,,,,,,,,,,,,,,,,,,,,,,,,,,,,,,,,,,,,,,,,,,,,,,,,,,,,,,,,,,,,,,,,,,,,,,,,,,,,,,,,,,,,,,,,,,,,,,,,,,,,,,,,,,,,,,,,,,,,,,,,,,,,,,,,,,,,,,,,,,,,,,,,,,,,,,,,,,,,,,,,,,,,,,,,,,,,,,,,,,,,,,,,,,,,,,,,,,,,,,,,,,,,,,,,,,,,,,,,,,,,,,,,,,,,,,,,,,,,,,,,,,,,,,,,,,,,,,,,,,,,,,,,,,,,,,,
Footnotes:,,,,,,,,,,,,,,,,,,,,,,,,,,,,,,,,,,,,,,,,,,,,,,,,,,,,,,,,,,,,,,,,,,,,,,,,,,,,,,,,,,,,,,,,,,,,,,,,,,,,,,,,,,,,,,,,,,,,,,,,,,,,,,,,,,,,,,,,,,,,,,,,,,,,,,,,,,,,,,,,,,,,,,,,,,,,,,,,,,,,,,,,,,,,,,,,,,,,,,,,,,,,,,,,,,,,,,,,,,,,,,,,,,,,,,,,,,,,,,,,,,,,,,,,,,,,,,,,,,,,,,,,,,,,,,,,,,,,,,,,,,,,,,,,,,,,,,,,,,,,,,,,,,,,,,,,,,,,,,,,,,,,,,,,,,,,,,,,,,,,,,,,,,,,,,,,,,,,,,,,,,,,,,,,,,,,,,,,,,,,,,,,,,,,,,,,,,,,,,,,,,,,,,,,,,,,,,,,,,,,,,,,,,,,,,,,,,,,,,,,,,,,,,,,,,,,,,,,,,,,,,,,,,,,,,,,,,,,,,,,,,,,,,,,,,,,,,,,,,,,,,,,,,,,,,,,,,,,,,,,,,,,,,,,,,,,
1,"To ensure respondent confidentiality, estimates below a certain threshold are suppressed. For Canada, Quebec, Ontario, Alberta and British Columbia suppression is applied to all data below 1,500. The threshold level for Newfoundland and Labrador, Nova Scotia, New Brunswick, Manitoba and Saskatchewan is 500, while in Prince Edward Island, estimates under 200 are supressed. For census metropolitan areas (CMAs) and economic regions (ERs), use their respective provincial suppression levels mentioned above. Estimates are based on smaller sample sizes the more detailed the table becomes, which could result in lower data quality.",,,,,,,,,,,,,,,,,,,,,,,,,,,,,,,,,,,,,,,,,,,,,,,,,,,,,,,,,,,,,,,,,,,,,,,,,,,,,,,,,,,,,,,,,,,,,,,,,,,,,,,,,,,,,,,,,,,,,,,,,,,,,,,,,,,,,,,,,,,,,,,,,,,,,,,,,,,,,,,,,,,,,,,,,,,,,,,,,,,,,,,,,,,,,,,,,,,,,,,,,,,,,,,,,,,,,,,,,,,,,,,,,,,,,,,,,,,,,,,,,,,,,,,,,,,,,,,,,,,,,,,,,,,,,,,,,,,,,,,,,,,,,,,,,,,,,,,,,,,,,,,,,,,,,,,,,,,,,,,,,,,,,,,,,,,,,,,,,,,,,,,,,,,,,,,,,,,,,,,,,,,,,,,,,,,,,,,,,,,,,,,,,,,,,,,,,,,,,,,,,,,,,,,,,,,,,,,,,,,,,,,,,,,,,,,,,,,,,,,,,,,,,,,,,,,,,,,,,,,,,,,,,,,,,,,,,,,,,,,,,,,,,,,,,,,,,,,,,,,,,,,,,,,,,,,,,,,,,,,,,,,,,,,,,,,
2,"The following variables for Canada and the provinces have been corrected for November and December 2013: R3 - comparable to the United States rate, by age group 15 years and over and 15 to 24 years for both sexes, males and females.",,,,,,,,,,,,,,,,,,,,,,,,,,,,,,,,,,,,,,,,,,,,,,,,,,,,,,,,,,,,,,,,,,,,,,,,,,,,,,,,,,,,,,,,,,,,,,,,,,,,,,,,,,,,,,,,,,,,,,,,,,,,,,,,,,,,,,,,,,,,,,,,,,,,,,,,,,,,,,,,,,,,,,,,,,,,,,,,,,,,,,,,,,,,,,,,,,,,,,,,,,,,,,,,,,,,,,,,,,,,,,,,,,,,,,,,,,,,,,,,,,,,,,,,,,,,,,,,,,,,,,,,,,,,,,,,,,,,,,,,,,,,,,,,,,,,,,,,,,,,,,,,,,,,,,,,,,,,,,,,,,,,,,,,,,,,,,,,,,,,,,,,,,,,,,,,,,,,,,,,,,,,,,,,,,,,,,,,,,,,,,,,,,,,,,,,,,,,,,,,,,,,,,,,,,,,,,,,,,,,,,,,,,,,,,,,,,,,,,,,,,,,,,,,,,,,,,,,,,,,,,,,,,,,,,,,,,,,,,,,,,,,,,,,,,,,,,,,,,,,,,,,,,,,,,,,,,,,,,,,,,,,,,,,,,,
3,Excluding the territories.,,,,,,,,,,,,,,,,,,,,,,,,,,,,,,,,,,,,,,,,,,,,,,,,,,,,,,,,,,,,,,,,,,,,,,,,,,,,,,,,,,,,,,,,,,,,,,,,,,,,,,,,,,,,,,,,,,,,,,,,,,,,,,,,,,,,,,,,,,,,,,,,,,,,,,,,,,,,,,,,,,,,,,,,,,,,,,,,,,,,,,,,,,,,,,,,,,,,,,,,,,,,,,,,,,,,,,,,,,,,,,,,,,,,,,,,,,,,,,,,,,,,,,,,,,,,,,,,,,,,,,,,,,,,,,,,,,,,,,,,,,,,,,,,,,,,,,,,,,,,,,,,,,,,,,,,,,,,,,,,,,,,,,,,,,,,,,,,,,,,,,,,,,,,,,,,,,,,,,,,,,,,,,,,,,,,,,,,,,,,,,,,,,,,,,,,,,,,,,,,,,,,,,,,,,,,,,,,,,,,,,,,,,,,,,,,,,,,,,,,,,,,,,,,,,,,,,,,,,,,,,,,,,,,,,,,,,,,,,,,,,,,,,,,,,,,,,,,,,,,,,,,,,,,,,,,,,,,,,,,,,,,,,,,,,,
4,"Although the official rate of unemployment is a key indicator of job conditions, no single measure can capture the complexity of the labour market. For this reason, supplementary measures of unemployment have been developed to shed further light on the degree of labour market slack and the extent of hardship associated with joblessness. For more information, please see the summer 1999 issue of the Labour Force Update (catalogue 71-005-XPB), which presents supplementary measures of unemployment.",,,,,,,,,,,,,,,,,,,,,,,,,,,,,,,,,,,,,,,,,,,,,,,,,,,,,,,,,,,,,,,,,,,,,,,,,,,,,,,,,,,,,,,,,,,,,,,,,,,,,,,,,,,,,,,,,,,,,,,,,,,,,,,,,,,,,,,,,,,,,,,,,,,,,,,,,,,,,,,,,,,,,,,,,,,,,,,,,,,,,,,,,,,,,,,,,,,,,,,,,,,,,,,,,,,,,,,,,,,,,,,,,,,,,,,,,,,,,,,,,,,,,,,,,,,,,,,,,,,,,,,,,,,,,,,,,,,,,,,,,,,,,,,,,,,,,,,,,,,,,,,,,,,,,,,,,,,,,,,,,,,,,,,,,,,,,,,,,,,,,,,,,,,,,,,,,,,,,,,,,,,,,,,,,,,,,,,,,,,,,,,,,,,,,,,,,,,,,,,,,,,,,,,,,,,,,,,,,,,,,,,,,,,,,,,,,,,,,,,,,,,,,,,,,,,,,,,,,,,,,,,,,,,,,,,,,,,,,,,,,,,,,,,,,,,,,,,,,,,,,,,,,,,,,,,,,,,,,,,,,,,,,,,,,,,
5,R1 shows the proportion of the labour force that has been out of work one year or more. This rate follows a different pattern than does the official unemployment rate in that it tends to lag the economic cycle.,,,,,,,,,,,,,,,,,,,,,,,,,,,,,,,,,,,,,,,,,,,,,,,,,,,,,,,,,,,,,,,,,,,,,,,,,,,,,,,,,,,,,,,,,,,,,,,,,,,,,,,,,,,,,,,,,,,,,,,,,,,,,,,,,,,,,,,,,,,,,,,,,,,,,,,,,,,,,,,,,,,,,,,,,,,,,,,,,,,,,,,,,,,,,,,,,,,,,,,,,,,,,,,,,,,,,,,,,,,,,,,,,,,,,,,,,,,,,,,,,,,,,,,,,,,,,,,,,,,,,,,,,,,,,,,,,,,,,,,,,,,,,,,,,,,,,,,,,,,,,,,,,,,,,,,,,,,,,,,,,,,,,,,,,,,,,,,,,,,,,,,,,,,,,,,,,,,,,,,,,,,,,,,,,,,,,,,,,,,,,,,,,,,,,,,,,,,,,,,,,,,,,,,,,,,,,,,,,,,,,,,,,,,,,,,,,,,,,,,,,,,,,,,,,,,,,,,,,,,,,,,,,,,,,,,,,,,,,,,,,,,,,,,,,,,,,,,,,,,,,,,,,,,,,,,,,,,,,,,,,,,,,,,,,,,
6,R2 looks at those unemployed three months or more as a proportion of the labour force. R2 tends to track the official unemployment rate more closely through economic cycles than does R1.,,,,,,,,,,,,,,,,,,,,,,,,,,,,,,,,,,,,,,,,,,,,,,,,,,,,,,,,,,,,,,,,,,,,,,,,,,,,,,,,,,,,,,,,,,,,,,,,,,,,,,,,,,,,,,,,,,,,,,,,,,,,,,,,,,,,,,,,,,,,,,,,,,,,,,,,,,,,,,,,,,,,,,,,,,,,,,,,,,,,,,,,,,,,,,,,,,,,,,,,,,,,,,,,,,,,,,,,,,,,,,,,,,,,,,,,,,,,,,,,,,,,,,,,,,,,,,,,,,,,,,,,,,,,,,,,,,,,,,,,,,,,,,,,,,,,,,,,,,,,,,,,,,,,,,,,,,,,,,,,,,,,,,,,,,,,,,,,,,,,,,,,,,,,,,,,,,,,,,,,,,,,,,,,,,,,,,,,,,,,,,,,,,,,,,,,,,,,,,,,,,,,,,,,,,,,,,,,,,,,,,,,,,,,,,,,,,,,,,,,,,,,,,,,,,,,,,,,,,,,,,,,,,,,,,,,,,,,,,,,,,,,,,,,,,,,,,,,,,,,,,,,,,,,,,,,,,,,,,,,,,,,,,,,,,,
7,"Since Canada and the United States follow standards set by the International Labour Organization (ILO) and ask very similar questions to determine labour force classifications, direct comparisons of the unemployment rates are often made. Nevertheless, measurement differences do exist, contributing to some of the gap between the two rates. Removing these measurement differences makes comparisons more meaningful. R3 adjusts the Canadian official unemployment rate to make it comparable to the US official unemployment rate. For more information, see Measuring employment and unemployment in Canada and the United States – a comparison.",,,,,,,,,,,,,,,,,,,,,,,,,,,,,,,,,,,,,,,,,,,,,,,,,,,,,,,,,,,,,,,,,,,,,,,,,,,,,,,,,,,,,,,,,,,,,,,,,,,,,,,,,,,,,,,,,,,,,,,,,,,,,,,,,,,,,,,,,,,,,,,,,,,,,,,,,,,,,,,,,,,,,,,,,,,,,,,,,,,,,,,,,,,,,,,,,,,,,,,,,,,,,,,,,,,,,,,,,,,,,,,,,,,,,,,,,,,,,,,,,,,,,,,,,,,,,,,,,,,,,,,,,,,,,,,,,,,,,,,,,,,,,,,,,,,,,,,,,,,,,,,,,,,,,,,,,,,,,,,,,,,,,,,,,,,,,,,,,,,,,,,,,,,,,,,,,,,,,,,,,,,,,,,,,,,,,,,,,,,,,,,,,,,,,,,,,,,,,,,,,,,,,,,,,,,,,,,,,,,,,,,,,,,,,,,,,,,,,,,,,,,,,,,,,,,,,,,,,,,,,,,,,,,,,,,,,,,,,,,,,,,,,,,,,,,,,,,,,,,,,,,,,,,,,,,,,,,,,,,,,,,,,,,,,,,
8,R4 is the Canadian official unemployment rate.,,,,,,,,,,,,,,,,,,,,,,,,,,,,,,,,,,,,,,,,,,,,,,,,,,,,,,,,,,,,,,,,,,,,,,,,,,,,,,,,,,,,,,,,,,,,,,,,,,,,,,,,,,,,,,,,,,,,,,,,,,,,,,,,,,,,,,,,,,,,,,,,,,,,,,,,,,,,,,,,,,,,,,,,,,,,,,,,,,,,,,,,,,,,,,,,,,,,,,,,,,,,,,,,,,,,,,,,,,,,,,,,,,,,,,,,,,,,,,,,,,,,,,,,,,,,,,,,,,,,,,,,,,,,,,,,,,,,,,,,,,,,,,,,,,,,,,,,,,,,,,,,,,,,,,,,,,,,,,,,,,,,,,,,,,,,,,,,,,,,,,,,,,,,,,,,,,,,,,,,,,,,,,,,,,,,,,,,,,,,,,,,,,,,,,,,,,,,,,,,,,,,,,,,,,,,,,,,,,,,,,,,,,,,,,,,,,,,,,,,,,,,,,,,,,,,,,,,,,,,,,,,,,,,,,,,,,,,,,,,,,,,,,,,,,,,,,,,,,,,,,,,,,,,,,,,,,,,,,,,,,,,,,,,,,,
9,"R5 is the first of the rates to factor-in people not normally included among the unemployed. Along with the unemployed, this rate also includes discouraged searchers. They are people who wanted and were available to take work but who did not look for a job because they believed none was available. This definition has changed and as a result, R5 is only available from 1997 onwards.",,,,,,,,,,,,,,,,,,,,,,,,,,,,,,,,,,,,,,,,,,,,,,,,,,,,,,,,,,,,,,,,,,,,,,,,,,,,,,,,,,,,,,,,,,,,,,,,,,,,,,,,,,,,,,,,,,,,,,,,,,,,,,,,,,,,,,,,,,,,,,,,,,,,,,,,,,,,,,,,,,,,,,,,,,,,,,,,,,,,,,,,,,,,,,,,,,,,,,,,,,,,,,,,,,,,,,,,,,,,,,,,,,,,,,,,,,,,,,,,,,,,,,,,,,,,,,,,,,,,,,,,,,,,,,,,,,,,,,,,,,,,,,,,,,,,,,,,,,,,,,,,,,,,,,,,,,,,,,,,,,,,,,,,,,,,,,,,,,,,,,,,,,,,,,,,,,,,,,,,,,,,,,,,,,,,,,,,,,,,,,,,,,,,,,,,,,,,,,,,,,,,,,,,,,,,,,,,,,,,,,,,,,,,,,,,,,,,,,,,,,,,,,,,,,,,,,,,,,,,,,,,,,,,,,,,,,,,,,,,,,,,,,,,,,,,,,,,,,,,,,,,,,,,,,,,,,,,,,,,,,,,,,,,,,,
10,"R6 includes those considered on the margins of the labour force, that is, those who are not searching for work but are available for work, and are waiting for employment. They are either waiting to be recalled from a previous employer, or they have applied for a job and are waiting for replies. Also included are those who have lined up a job to start in five weeks or more. These people have a much higher likelihood of being in the labour force in the future than others not in the labour force.",,,,,,,,,,,,,,,,,,,,,,,,,,,,,,,,,,,,,,,,,,,,,,,,,,,,,,,,,,,,,,,,,,,,,,,,,,,,,,,,,,,,,,,,,,,,,,,,,,,,,,,,,,,,,,,,,,,,,,,,,,,,,,,,,,,,,,,,,,,,,,,,,,,,,,,,,,,,,,,,,,,,,,,,,,,,,,,,,,,,,,,,,,,,,,,,,,,,,,,,,,,,,,,,,,,,,,,,,,,,,,,,,,,,,,,,,,,,,,,,,,,,,,,,,,,,,,,,,,,,,,,,,,,,,,,,,,,,,,,,,,,,,,,,,,,,,,,,,,,,,,,,,,,,,,,,,,,,,,,,,,,,,,,,,,,,,,,,,,,,,,,,,,,,,,,,,,,,,,,,,,,,,,,,,,,,,,,,,,,,,,,,,,,,,,,,,,,,,,,,,,,,,,,,,,,,,,,,,,,,,,,,,,,,,,,,,,,,,,,,,,,,,,,,,,,,,,,,,,,,,,,,,,,,,,,,,,,,,,,,,,,,,,,,,,,,,,,,,,,,,,,,,,,,,,,,,,,,,,,,,,,,,,,,,,,
11,"R7 adds a portion of those who are involuntary part-time workers to the official unemployed. There are two adjustments made to the number of involuntary part-timers to derive the portion used in R7. Firstly, involuntary part-timers who have a second job and work full-time hours between both jobs are excluded. Secondly, a large number of involuntary part-timers are removed because each involuntary part-timer is only partially utilized in the labour market.",,,,,,,,,,,,,,,,,,,,,,,,,,,,,,,,,,,,,,,,,,,,,,,,,,,,,,,,,,,,,,,,,,,,,,,,,,,,,,,,,,,,,,,,,,,,,,,,,,,,,,,,,,,,,,,,,,,,,,,,,,,,,,,,,,,,,,,,,,,,,,,,,,,,,,,,,,,,,,,,,,,,,,,,,,,,,,,,,,,,,,,,,,,,,,,,,,,,,,,,,,,,,,,,,,,,,,,,,,,,,,,,,,,,,,,,,,,,,,,,,,,,,,,,,,,,,,,,,,,,,,,,,,,,,,,,,,,,,,,,,,,,,,,,,,,,,,,,,,,,,,,,,,,,,,,,,,,,,,,,,,,,,,,,,,,,,,,,,,,,,,,,,,,,,,,,,,,,,,,,,,,,,,,,,,,,,,,,,,,,,,,,,,,,,,,,,,,,,,,,,,,,,,,,,,,,,,,,,,,,,,,,,,,,,,,,,,,,,,,,,,,,,,,,,,,,,,,,,,,,,,,,,,,,,,,,,,,,,,,,,,,,,,,,,,,,,,,,,,,,,,,,,,,,,,,,,,,,,,,,,,,,,,,,,,,
12,"R8 is the most comprehensive and therefore, highest of the supplementary rates as it includes all of the groups in the preceding three rates. As such, R8 provides a single measure of labour underutilization. Included in this rate are the discouraged searchers, those waiting for recall, replies, long-term future starts and the underutilized portion of involuntary part-timers.",,,,,,,,,,,,,,,,,,,,,,,,,,,,,,,,,,,,,,,,,,,,,,,,,,,,,,,,,,,,,,,,,,,,,,,,,,,,,,,,,,,,,,,,,,,,,,,,,,,,,,,,,,,,,,,,,,,,,,,,,,,,,,,,,,,,,,,,,,,,,,,,,,,,,,,,,,,,,,,,,,,,,,,,,,,,,,,,,,,,,,,,,,,,,,,,,,,,,,,,,,,,,,,,,,,,,,,,,,,,,,,,,,,,,,,,,,,,,,,,,,,,,,,,,,,,,,,,,,,,,,,,,,,,,,,,,,,,,,,,,,,,,,,,,,,,,,,,,,,,,,,,,,,,,,,,,,,,,,,,,,,,,,,,,,,,,,,,,,,,,,,,,,,,,,,,,,,,,,,,,,,,,,,,,,,,,,,,,,,,,,,,,,,,,,,,,,,,,,,,,,,,,,,,,,,,,,,,,,,,,,,,,,,,,,,,,,,,,,,,,,,,,,,,,,,,,,,,,,,,,,,,,,,,,,,,,,,,,,,,,,,,,,,,,,,,,,,,,,,,,,,,,,,,,,,,,,,,,,,,,,,,,,,,,,,
13,,,,,,,,,,,,,,,,,,,,,,,,,,,,,,,,,,,,,,,,,,,,,,,,,,,,,,,,,,,,,,,,,,,,,,,,,,,,,,,,,,,,,,,,,,,,,,,,,,,,,,,,,,,,,,,,,,,,,,,,,,,,,,,,,,,,,,,,,,,,,,,,,,,,,,,,,,,,,,,,,,,,,,,,,,,,,,,,,,,,,,,,,,,,,,,,,,,,,,,,,,,,,,,,,,,,,,,,,,,,,,,,,,,,,,,,,,,,,,,,,,,,,,,,,,,,,,,,,,,,,,,,,,,,,,,,,,,,,,,,,,,,,,,,,,,,,,,,,,,,,,,,,,,,,,,,,,,,,,,,,,,,,,,,,,,,,,,,,,,,,,,,,,,,,,,,,,,,,,,,,,,,,,,,,,,,,,,,,,,,,,,,,,,,,,,,,,,,,,,,,,,,,,,,,,,,,,,,,,,,,,,,,,,,,,,,,,,,,,,,,,,,,,,,,,,,,,,,,,,,,,,,,,,,,,,,,,,,,,,,,,,,,,,,,,,,,,,,,,,,,,,,,,,,,,,,,,,,,,,,,,,,,,,,,,,,
"How to cite: Statistics Canada. Table 14-10-0077-01 Supplementary unemployment rates, monthly, unadjusted for seasonality",,,,,,,,,,,,,,,,,,,,,,,,,,,,,,,,,,,,,,,,,,,,,,,,,,,,,,,,,,,,,,,,,,,,,,,,,,,,,,,,,,,,,,,,,,,,,,,,,,,,,,,,,,,,,,,,,,,,,,,,,,,,,,,,,,,,,,,,,,,,,,,,,,,,,,,,,,,,,,,,,,,,,,,,,,,,,,,,,,,,,,,,,,,,,,,,,,,,,,,,,,,,,,,,,,,,,,,,,,,,,,,,,,,,,,,,,,,,,,,,,,,,,,,,,,,,,,,,,,,,,,,,,,,,,,,,,,,,,,,,,,,,,,,,,,,,,,,,,,,,,,,,,,,,,,,,,,,,,,,,,,,,,,,,,,,,,,,,,,,,,,,,,,,,,,,,,,,,,,,,,,,,,,,,,,,,,,,,,,,,,,,,,,,,,,,,,,,,,,,,,,,,,,,,,,,,,,,,,,,,,,,,,,,,,,,,,,,,,,,,,,,,,,,,,,,,,,,,,,,,,,,,,,,,,,,,,,,,,,,,,,,,,,,,,,,,,,,,,,,,,,,,,,,,,,,,,,,,,,,,,,,,,,,,,,,,
https://www150.statcan.gc.ca/t1/tbl1/en/tv.action?pid=1410007701,,,,,,,,,,,,,,,,,,,,,,,,,,,,,,,,,,,,,,,,,,,,,,,,,,,,,,,,,,,,,,,,,,,,,,,,,,,,,,,,,,,,,,,,,,,,,,,,,,,,,,,,,,,,,,,,,,,,,,,,,,,,,,,,,,,,,,,,,,,,,,,,,,,,,,,,,,,,,,,,,,,,,,,,,,,,,,,,,,,,,,,,,,,,,,,,,,,,,,,,,,,,,,,,,,,,,,,,,,,,,,,,,,,,,,,,,,,,,,,,,,,,,,,,,,,,,,,,,,,,,,,,,,,,,,,,,,,,,,,,,,,,,,,,,,,,,,,,,,,,,,,,,,,,,,,,,,,,,,,,,,,,,,,,,,,,,,,,,,,,,,,,,,,,,,,,,,,,,,,,,,,,,,,,,,,,,,,,,,,,,,,,,,,,,,,,,,,,,,,,,,,,,,,,,,,,,,,,,,,,,,,,,,,,,,,,,,,,,,,,,,,,,,,,,,,,,,,,,,,,,,,,,,,,,,,,,,,,,,,,,,,,,,,,,,,,,,,,,,,,,,,,,,,,,,,,,,,,,,,,,,,,,,,,,,,,
DOI: https://doi.org/10.25318/1410007701-eng,,,,,,,,,,,,,,,,,,,,,,,,,,,,,,,,,,,,,,,,,,,,,,,,,,,,,,,,,,,,,,,,,,,,,,,,,,,,,,,,,,,,,,,,,,,,,,,,,,,,,,,,,,,,,,,,,,,,,,,,,,,,,,,,,,,,,,,,,,,,,,,,,,,,,,,,,,,,,,,,,,,,,,,,,,,,,,,,,,,,,,,,,,,,,,,,,,,,,,,,,,,,,,,,,,,,,,,,,,,,,,,,,,,,,,,,,,,,,,,,,,,,,,,,,,,,,,,,,,,,,,,,,,,,,,,,,,,,,,,,,,,,,,,,,,,,,,,,,,,,,,,,,,,,,,,,,,,,,,,,,,,,,,,,,,,,,,,,,,,,,,,,,,,,,,,,,,,,,,,,,,,,,,,,,,,,,,,,,,,,,,,,,,,,,,,,,,,,,,,,,,,,,,,,,,,,,,,,,,,,,,,,,,,,,,,,,,,,,,,,,,,,,,,,,,,,,,,,,,,,,,,,,,,,,,,,,,,,,,,,,,,,,,,,,,,,,,,,,,,,,,,,,,,,,,,,,,,,,,,,,,,,,,,,,,,,
